Country,Country_Subdivision_Primary,Country_Subdivision_Secondary,Spend_USD,Spend_EUR,Spend_INR,Spend_BGN,Spend_HRK,Spend_CZK,Spend_DKK,Spend_HUF,Spend_PLN,Spend_RON,Spend_SEK,Spend_GBP
AT,,,963100,867950,67867750,1697675,6432700,22398000,6480000,285615000,3757600,4123350,9298500,765200
BE,,,438700,391950,30642500,766625,2908400,10096000,2927000,127260000,1684800,1865775,4206000,341400
BG,,,12100,10850,852750,21225,80600,279000,81000,3555000,46500,51600,117000,9450
CY,,,6900,6200,484000,12125,46000,160000,46000,2017500,26600,29475,66750,5400
CZ,,,54000,48300,3775000,94500,358500,1244000,360500,15697500,207700,229950,518250,42100
DE,,,811200,725950,56697000,1419925,5386900,18707000,5421000,236467500,3121700,3453825,7800000,634000
DK,,,639000,570650,44528500,1116175,4234200,14705000,4261500,185025000,2449100,2711850,6096000,500500
EE,,,22900,20450,1598500,39950,151600,526000,152500,6637500,87800,97275,219750,17800
ES,,,669500,598700,46795500,1171075,4446800,15410000,4470500,193890000,2570000,2849400,6369000,521250
FI,,,232900,207200,16149750,405300,1539200,5325000,1547000,66780000,889300,985875,2182500,179200
FR,,,13100,11700,921250,22900,86900,302000,87500,3817500,50500,55725,126000,10250
GB,,,96500,86900,6831000,169925,645200,2234000,648500,28560000,374500,412650,933000,76350
GR,,,1154100,1024250,80073000,2003625,7588200,26221000,7647000,331732500,4372000,4852275,10891500,909450
HR,,,39200,35100,2744750,68650,260600,905000,262000,11445000,151000,167100,378000,30750
HU,,,66900,60200,4713750,117750,446600,1554000,449500,19785000,259700,286125,647250,53150
IE,,,13900,12450,972500,24325,92200,320000,93000,4042500,53500,59100,133500,10900
IN,IN-AN,,5600,5050,394750,9875,37400,130000,37500,1627500,21700,24000,53250,4350
IN,IN-AP,,734100,653450,50744750,1278025,4854300,16799000,4878000,209475000,2805600,3107850,6813750,561000
IN,IN-AR,,5600,5050,395750,9900,37500,130000,38000,1627500,21700,24075,54000,4350
IN,IN-AS,,19900,17700,1388250,34650,131500,455000,132000,5677500,76000,84300,186750,15300
IN,IN-BR,,208700,186050,14584750,363925,1380300,4784000,1389000,60075000,799100,885375,1985250,160700
IN,IN-CH,,110300,98400,7707250,192425,729700,2529000,734500,31732500,422300,468150,1047750,84950
IN,IN-CT,,14900,13300,1040750,25975,98600,341000,99000,4275000,57000,63150,141000,11450
IN,IN-DD,,5800,5200,406000,10150,38500,134000,38500,1672500,22300,24675,54750,4500
IN,IN-DL,,315200,281050,21985000,549825,2085600,7219000,2098500,90540000,1205500,1337325,2979750,242400
IN,IN-DN,,5800,5200,406500,10175,38500,134000,39000,1672500,22300,24750,55500,4500
IN,IN-GA,,6600,5900,459750,11500,43600,151000,44000,1890000,25200,27975,62250,5050
IN,IN-GJ,,103500,92000,7205500,179900,683400,2361000,686500,29482500,394300,437625,965250,79400
IN,IN-HP,,43100,38400,3007750,75150,285100,988000,287000,12390000,164900,182850,408750,33150
IN,IN-HR,,127800,114000,8915250,223025,845900,2929000,851000,36772500,489000,542400,1210500,98250
IN,IN-JH,,22700,20250,1585250,39625,150400,520000,151000,6517500,86900,96375,213750,17500
IN,IN-JK,,15500,13800,1082250,27025,102600,355000,103000,4440000,59300,65775,146250,11900
IN,IN-KA,,46500,41350,3240250,80875,307100,1061000,308500,13252500,177400,196725,434250,35650
IN,IN-KL,,31700,28200,2206250,55150,209500,724000,210500,9037500,120800,134175,296250,24350
IN,IN-LD,,5600,5000,392750,9825,37200,129000,37500,1620000,21600,23925,53250,4350
IN,IN-MH,,401800,360200,28445000,704500,2678100,9253000,2690500,118147500,1544400,1712925,3859500,311150
IN,IN-ML,,5900,5250,412000,10300,39100,136000,39500,1695000,22600,25050,56250,4550
IN,IN-MN,,7100,6300,494250,12350,46900,162000,47000,2032500,27100,30075,66750,5450
IN,IN-MP,,196100,174750,13703000,341850,1297400,4492000,1305000,56250000,750100,831600,1851750,151100
IN,IN-MZ,,5700,5150,402750,10075,38200,132000,38500,1657500,22100,24525,54750,4450
IN,IN-NL,,5700,5100,399000,9975,37800,131000,38000,1642500,21900,24300,54000,4400
IN,IN-OR,,29300,26150,2049000,51150,194100,672000,195000,8392500,112300,124350,276000,22550
IN,IN-PB,,98300,87650,6865500,171475,650300,2253000,654500,28275000,376200,417150,932250,75700
IN,IN-PY,,6100,5450,426250,10650,40400,140000,40500,1755000,23400,25950,57750,4700
IN,IN-RJ,,205200,182850,14293000,357725,1357400,4695000,1365000,58845000,783900,870000,1932000,157650
IN,IN-SK,,5600,5050,396000,9900,37600,130000,38000,1635000,21700,24075,54000,4350
IN,IN-TG,,300900,267650,20821500,523425,1987900,6876000,1998000,85770000,1148900,1272750,2793000,230050
IN,IN-TN,,627600,555700,43506500,1086975,4131600,14244000,4147500,178350000,2377400,2644650,5817000,479750
IN,IN-TR,,6600,5900,463000,11575,43900,152000,44000,1905000,25400,28125,63000,5100
IN,IN-UP,,234800,209250,16375500,409275,1552900,5375000,1562000,67282500,897600,995250,2213250,180250
IN,IN-UT,,10100,9000,706500,17625,66900,232000,67500,2902500,38700,42900,95250,7800
IN,IN-WB,,243500,217300,17009000,425075,1611600,5586000,1622500,70192500,932900,1033950,2319000,187350
IT,,,227700,203650,15920000,398325,1511200,5244000,1520500,66240000,875400,968925,2186250,178050
LT,,,24300,21700,1697500,42475,161200,560000,162000,7065000,93500,103350,232500,19000
LU,,,1600,1400,108750,2725,10300,36000,10500,450000,6000,6600,15000,1200
LV,,,5800,5250,409250,10250,38900,135000,39000,1702500,22500,24900,56250,4600
MT,,,600,550,42250,1050,4000,14000,4000,172500,2300,2550,6000,450
NL,,,91600,82100,6406500,160575,609600,2118000,613000,26797500,353500,390825,883500,72150
PL,,,622800,563900,44010000,1103025,4183400,14550000,4211000,186727500,2442200,2679750,6074250,499200
PT,,,1300,1200,94500,2350,8900,31000,9000,390000,5200,5700,12750,1050
RO,,,647400,580550,45433250,1135575,4310100,14941000,4335500,189592500,2496800,2761950,6231000,506250
SE,,,89900,80400,6275000,157225,596900,2073000,600500,26167500,345500,382725,863250,70500
SI,,,6400,5700,446000,11125,42200,147000,42500,1852500,24500,27075,61500,4950
SK,,,245300,220050,17245250,430350,1632700,5666000,1643000,71895000,947500,1046325,2362500,192500
US,US-AK,AK-AT LARGE,125700,111350,8833500,217775,825100,2862000,831000,36180000,478500,525000,1173750,98800
US,US-AL,AL-1,95800,84950,6782250,166175,630000,2185000,634000,27607500,365500,400650,896250,75250
US,US-AL,AL-2,106200,93100,7432250,182075,689700,2400000,694500,30270000,401700,437400,976500,82350
US,US-AL,AL-3,83800,74300,5928750,145350,551000,1911000,554500,24142500,319700,350550,783750,65750
US,US-AL,AL-4,69400,61550,4906000,120400,456500,1583000,459500,19995000,264800,290475,650250,54450
US,US-AL,AL-5,102500,90850,7247500,177725,673700,2337000,678000,29512500,390900,428550,958500,80400
US,US-AL,AL-6,141000,125150,9970000,244775,927900,3219000,934000,40680000,538400,590550,1322250,110850
US,US-AL,AL-7,82100,72650,5810500,142150,538900,1869000,542500,23565000,312700,342675,765750,64300
US,US-AR,AR-1,75400,66800,5342750,130625,495300,1718000,498500,21682500,287300,314700,703500,59100
US,US-AR,AR-2,176700,155550,12544500,304200,1153600,4003000,1160500,50422500,669400,730200,1630500,137650
US,US-AR,AR-3,110200,97700,7800000,191125,724600,2513000,729500,31732500,420400,460875,1031250,86500
US,US-AR,AR-4,70500,62400,4985500,122075,462800,1605000,466000,20265000,268500,294225,657750,55250
US,US-AZ,AZ-1,693200,606200,49985250,1185650,4500600,15614000,4522500,196410000,2608800,2834400,6324000,536350
US,US-AZ,AZ-2,610300,532500,44138250,1041550,3953600,13716000,3972500,172500000,2291500,2487975,5548500,471200
US,US-AZ,AZ-3,419900,366850,30297750,717500,2723600,9448000,2737000,118830000,1578600,1714800,3825000,324550
US,US-AZ,AZ-4,527400,461750,38001250,903175,3428100,11894000,3445000,149610000,1987400,2160900,4820250,408400
US,US-AZ,AZ-5,420200,367450,30312000,718650,2728000,9465000,2741500,119025000,1581300,1718100,3832500,325000
US,US-AZ,AZ-6,662500,579650,47741000,1133725,4303100,14930000,4324500,187755000,2494500,2711700,6048750,512750
US,US-AZ,AZ-7,1098500,958400,79398250,1874525,7115000,24695000,7150000,310372500,4123300,4478775,9982500,847350
US,US-AZ,AZ-8,503300,440300,36317500,861150,3268900,11342000,3285000,142605000,1895000,2059275,4592250,389350
US,US-AZ,AZ-9,489300,427950,35297250,837000,3177100,11023000,3192500,138622500,1841700,2001450,4464000,378500
US,US-CA,CA-1,123300,109250,8723750,213725,810200,2811000,815500,35460000,470300,515550,1152750,96650
US,US-CA,CA-10,605700,527350,43848000,1031450,3915500,13577000,3934000,170790000,2269500,2462550,5491500,466650
US,US-CA,CA-11,161200,142700,11373500,279100,1057800,3670000,1065000,46342500,613900,672675,1504500,126500
US,US-CA,CA-12,297600,263900,21047750,516175,1956600,6788000,1969500,85657500,1135800,1245450,2786250,233650
US,US-CA,CA-13,223000,197750,15769750,386825,1466300,5087000,1476000,64222500,850900,933300,2088000,175100
US,US-CA,CA-14,151500,134400,10707250,262875,996400,3456000,1003000,43665000,578300,634275,1419750,119100
US,US-CA,CA-15,125100,110850,8852750,216775,821800,2851000,827000,35985000,476900,522600,1168500,98200
US,US-CA,CA-16,100400,88750,7133750,173575,658200,2284000,662500,28792500,382000,417975,933750,78550
US,US-CA,CA-17,215300,190750,15252500,373075,1414200,4907000,1423500,61935000,820900,899325,2011500,168950
US,US-CA,CA-18,193600,171750,13687750,335975,1273400,4418000,1282000,55822500,739000,810450,1814250,152200
US,US-CA,CA-19,114400,101450,8104000,198450,752300,2610000,757500,32962500,436700,478500,1071000,89900
US,US-CA,CA-2,156100,138550,11033000,271000,1027200,3564000,1034000,45037500,596200,653850,1464000,122800
US,US-CA,CA-20,135400,120100,9577000,234925,890400,3089000,896500,39015000,516800,566625,1268250,106450
US,US-CA,CA-21,175400,154400,12621000,302000,1145900,3979000,1152000,50062500,665100,724200,1614750,136450
US,US-CA,CA-22,223400,196100,15995750,383550,1455100,5048000,1463000,63622500,843700,920025,2055750,173500
US,US-CA,CA-23,115500,102000,8247000,199475,756500,2625000,761000,33067500,439100,479475,1070250,90300
US,US-CA,CA-24,141700,125700,10041500,245825,931900,3233000,938000,40822500,540800,592650,1326000,111250
US,US-CA,CA-25,535700,467150,38840000,913650,3468000,12035000,3485000,151282500,2010200,2182350,4865250,413250
US,US-CA,CA-26,183600,161700,13123000,316275,1199500,4162000,1206500,52462500,695700,759750,1697250,143200
US,US-CA,CA-27,137600,121900,9741250,238475,904000,3136000,910000,39592500,524600,574950,1286250,107950
US,US-CA,CA-28,223800,198150,15878250,387525,1469200,5097000,1478500,64327500,852500,933750,2088750,175400
US,US-CA,CA-29,164400,145350,11673250,284300,1077800,3739000,1084500,47145000,625400,684525,1530750,128800
US,US-CA,CA-3,109700,97250,7764250,190175,721000,2501000,725500,31575000,418400,458625,1026000,86100
US,US-CA,CA-30,231300,203650,16517250,398325,1510700,5242000,1519500,66082500,876200,956850,2139000,180300
US,US-CA,CA-31,224300,196900,16192750,385125,1460800,5077000,1469000,63795000,847100,923475,2057250,174100
US,US-CA,CA-32,119500,105250,8542500,205875,780800,2709000,785500,34125000,453000,494400,1104000,93150
US,US-CA,CA-33,223000,197800,15771250,386850,1466300,5087000,1476000,64260000,850900,933225,2089500,175150
US,US-CA,CA-34,171100,151400,12142250,296100,1122600,3895000,1129500,49102500,651600,713325,1594500,133950
US,US-CA,CA-35,124200,109600,8841500,214350,812800,2821000,818000,35550000,471900,515475,1151250,97050
US,US-CA,CA-36,148300,131250,10519250,256775,973600,3378000,979500,42600000,564900,618525,1382250,116150
US,US-CA,CA-37,140800,124750,9966500,244050,925100,3209000,931000,40507500,536800,588525,1316250,110450
US,US-CA,CA-38,100400,88650,7138500,173425,657600,2281000,661500,28770000,381600,417225,933000,78550
US,US-CA,CA-39,704400,613000,51010500,1198950,4551700,15788000,4572500,198360000,2637900,2860500,6377250,542150
US,US-CA,CA-4,162400,143750,11517750,281125,1065900,3698000,1072500,46642500,618600,677400,1514250,127200
US,US-CA,CA-40,83900,74200,5953000,145150,550300,1909000,554000,24075000,319200,349575,781500,65700
US,US-CA,CA-41,121300,107400,8592750,210025,796200,2762000,801500,34822500,462000,506325,1131750,95050
US,US-CA,CA-42,118300,104650,8400500,204700,776100,2693000,781000,33967500,450400,492900,1101750,92700
US,US-CA,CA-43,246000,217900,17437500,426150,1615400,5607000,1626000,70657500,938400,1027275,2296500,193100
US,US-CA,CA-44,91700,81150,6502500,158750,601800,2088000,605500,26347500,349200,382500,855750,71900
US,US-CA,CA-45,841400,735450,60828750,1438450,5460600,18954000,5486500,238342500,3166300,3436650,7675500,651450
US,US-CA,CA-46,229600,200450,16492500,392025,1487700,5158000,1495500,64965000,862300,937500,2096250,177800
US,US-CA,CA-47,154800,136800,11013250,267550,1014500,3520000,1021000,44407500,588800,643875,1440000,121150
US,US-CA,CA-48,640800,560550,46332000,1096325,4161500,14447000,4182000,181665000,2413700,2620575,5850000,495900
US,US-CA,CA-49,334400,294200,24052500,575400,2182900,7579000,2195000,95437500,1266500,1380150,3081000,260200
US,US-CA,CA-5,127300,112900,9002250,220825,837000,2904000,842500,36675000,485800,532650,1191750,100000
US,US-CA,CA-50,137000,121250,9737500,237175,899200,3121000,905000,39375000,521900,571125,1276500,107400
US,US-CA,CA-51,121600,107650,8633000,210550,798200,2770000,803500,34927500,463400,507150,1134000,95350
US,US-CA,CA-52,207300,183600,14710750,359150,1361500,4725000,1370500,59625000,790400,865425,1935750,162700
US,US-CA,CA-53,153100,135650,10865500,265275,1005800,3490000,1012000,44025000,583800,639225,1429500,120100
US,US-CA,CA-6,257900,228500,18271500,446925,1694300,5879000,1705500,74167500,983700,1077450,2409000,202350
US,US-CA,CA-7,168500,148350,12031250,290200,1100400,3817000,1107000,48142500,638500,697725,1559250,131350
US,US-CA,CA-8,144000,127350,10236000,249100,944500,3277000,950500,41332500,548100,599775,1340250,112750
US,US-CA,CA-9,105300,93150,7483000,182200,690800,2397000,695000,30232500,400900,438750,981000,82500
US,US-CO,CO-1,631700,556700,45104250,1088850,4129100,14327000,4154000,180735000,2395100,2617800,5853000,492200
US,US-CO,CO-2,240800,213100,17085250,416825,1580100,5483000,1590500,69262500,917200,1004175,2247000,188600
US,US-CO,CO-3,200200,176600,14288000,345425,1309900,4546000,1318000,57352500,760300,830550,1856250,156250
US,US-CO,CO-4,202300,178400,14381500,348900,1322700,4590000,1331000,57922500,767600,839175,1875000,157750
US,US-CO,CO-5,182700,161600,12970250,316100,1198300,4159000,1206000,52522500,695800,761400,1703250,143000
US,US-CO,CO-6,562000,489750,40596500,957850,3635200,12607000,3653500,158820000,2107200,2288775,5115750,433850
US,US-CO,CO-7,180400,158950,12852500,310925,1179000,4090000,1186500,51630000,684200,747525,1671750,140700
US,US-CT,CT-1,143400,127200,10144500,248775,943200,3272000,949500,41310000,547200,599850,1341750,112550
US,US-CT,CT-2,133700,118600,9455500,232000,879500,3051000,885000,38527500,510300,559500,1251750,104950
US,US-CT,CT-3,136700,121150,9664750,236925,898300,3116000,904000,39315000,521100,571200,1276500,107150
US,US-CT,CT-4,159100,140800,11272250,275425,1044300,3622000,1051000,45727500,605700,663225,1483500,124700
US,US-CT,CT-5,127300,112800,9002250,220600,836400,2901000,842000,36622500,485200,531600,1188750,99850
US,US-DC,DC-AT LARGE,927100,817850,65646000,1599650,6065500,20997000,6104000,265447500,3515300,3852150,8623500,723750
US,US-DE,DE-AT LARGE,240600,212100,16948750,414900,1573400,5454000,1583000,68805000,911700,996525,2234250,188500
US,US-FL,FL-1,313900,276350,22467750,540550,2051000,7121000,2062000,89670000,1190400,1295700,2893500,244600
US,US-FL,FL-10,1013700,889500,72499750,1739775,6601000,22930000,6636000,288390000,3833200,4162050,9288750,787750
US,US-FL,FL-11,333400,293750,23788750,574575,2180100,7566000,2192000,95287500,1264900,1379025,3080250,259750
US,US-FL,FL-12,353700,311400,25251250,609025,2310700,8020000,2323500,100950000,1340800,1460700,3262500,275500
US,US-FL,FL-13,334400,294500,23860750,575975,2185000,7584000,2197000,95565000,1267800,1381725,3087750,260700
US,US-FL,FL-14,704700,618250,50430250,1209275,4588700,15932000,4612500,200310000,2662700,2894100,6457500,547100
US,US-FL,FL-15,338800,297750,24245000,582350,2209900,7671000,2221500,96532500,1282100,1394700,3115500,263600
US,US-FL,FL-16,414400,364500,29630250,712950,2705200,9389000,2719500,118222500,1569700,1708500,3815250,322750
US,US-FL,FL-17,336100,294950,23848750,576900,2188600,7596000,2200500,95625000,1269500,1381350,3088500,261500
US,US-FL,FL-18,455300,399700,32823750,781750,2967300,10305000,2982000,129495000,1721700,1870350,4170000,353350
US,US-FL,FL-19,427200,375900,30534000,735200,2789600,9684000,2804500,121882500,1618600,1762650,3935250,332500
US,US-FL,FL-2,256600,225750,18330250,441500,1675200,5814000,1684000,73260000,972100,1058175,2365500,199900
US,US-FL,FL-20,267100,234200,19225750,458050,1738400,6037000,1747500,75885000,1008700,1095825,2443500,207100
US,US-FL,FL-21,334100,294000,23926000,575025,2181800,7574000,2193500,95377500,1266100,1378350,3078750,260200
US,US-FL,FL-22,391700,344750,28028750,674250,2558100,8881000,2572000,111885000,1484800,1616550,3611250,305150
US,US-FL,FL-23,371200,326050,26623750,637725,2419900,8402000,2432500,105742500,1404400,1527450,3410250,288550
US,US-FL,FL-24,832600,730650,60033500,1429100,5423200,18847000,5451000,236925000,3149500,3418725,7623000,646100
US,US-FL,FL-25,328600,288050,23630250,563350,2138000,7424000,2149000,93367500,1240800,1347375,3006750,254900
US,US-FL,FL-26,597400,520400,43276500,1017875,3862600,13411000,3882000,168652500,2240200,2430225,5420250,460150
US,US-FL,FL-27,929100,813650,66944500,1591450,6040100,20983000,6070000,263572500,3505400,3803850,8478750,719600
US,US-FL,FL-3,357400,314550,25575250,615225,2334300,8104000,2347000,102067500,1354800,1474950,3295500,278400
US,US-FL,FL-4,535900,471550,38492750,922300,3500200,12155000,3518500,152947500,2031600,2209875,4932750,417100
US,US-FL,FL-5,199800,175500,14337750,343300,1302700,4523000,1309500,56925000,755900,822075,1836000,155350
US,US-FL,FL-6,629700,550900,45138000,1077500,4089600,14192000,4110000,178507500,2369700,2575950,5759250,488650
US,US-FL,FL-7,475300,417750,34025500,817075,3100100,10763000,3117000,135487500,1798800,1957575,4371750,369900
US,US-FL,FL-8,386300,340200,27615500,665350,2524500,8762000,2538000,110370000,1464700,1595550,3564000,301100
US,US-FL,FL-9,475800,417650,34073750,816850,3099500,10761000,3115500,135382500,1798600,1955400,4365000,369650
US,US-GA,GA-1,119500,105950,8455250,207200,785600,2725000,790500,34395000,455700,499575,1116750,93600
US,US-GA,GA-10,94500,83750,6690750,163825,621200,2155000,625000,27210000,360400,394950,883500,74150
US,US-GA,GA-11,143800,126950,10292750,248300,942000,3270000,947500,41182500,546600,596475,1331250,112250
US,US-GA,GA-12,81800,72550,5783500,141875,537900,1865000,541500,23565000,312100,342225,765750,64200
US,US-GA,GA-13,179400,159000,12731000,310975,1179000,4091000,1186500,51645000,684100,749325,1676250,140750
US,US-GA,GA-14,87900,77850,6220500,152300,577400,2002000,581000,25290000,334900,367050,821250,68950
US,US-GA,GA-2,89000,78750,6300750,154025,584000,2025000,587500,25567500,338700,371025,829500,69700
US,US-GA,GA-3,101100,89650,7149750,175350,664700,2306000,669000,29137500,385700,422850,946500,79400
US,US-GA,GA-4,130600,115500,9306250,225875,856700,2973000,862000,37462500,497000,543300,1213500,102150
US,US-GA,GA-5,419900,372450,29728000,728500,2762200,9580000,2780000,120960000,1602100,1757100,3931500,329350
US,US-GA,GA-6,587800,516550,42355000,1010275,3834600,13322000,3854000,167377500,2225900,2418450,5389500,456550
US,US-GA,GA-7,223300,196850,15986750,385050,1461000,5073000,1469000,63802500,848000,924000,2061000,174000
US,US-GA,GA-8,72000,63700,5092500,124600,472400,1638000,475500,20685000,274000,300225,671250,56400
US,US-GA,GA-9,106600,94500,7548000,184875,700900,2431000,705500,30712500,406700,445650,996750,83700
US,US-HI,HI-1,123700,109450,8771750,214100,811700,2816000,817000,35520000,470900,515850,1152750,96850
US,US-HI,HI-2,99400,88100,7034750,172350,653300,2267000,657500,28620000,379100,415650,929250,78000
US,US-IA,IA-1,716500,639700,51002250,1251175,4747500,16460000,4775500,209490000,2754400,3021900,6799500,565100
US,US-IA,IA-2,623000,558650,44135000,1092625,4144300,14367000,4170500,183337500,2406000,2645325,5963250,494050
US,US-IA,IA-3,940800,839550,66889000,1642100,6231500,21587000,6267500,274905000,3612300,3967500,8934000,741650
US,US-IA,IA-4,436200,389700,31027000,762175,2892800,10024000,2909000,127507500,1677000,1841550,4141500,343650
US,US-ID,ID-1,125200,111100,8849500,217250,823600,2856000,829000,36075000,477900,524025,1172250,98400
US,US-ID,ID-2,131900,117000,9323000,228800,867300,3008000,873000,37995000,503300,551775,1233750,103600
US,US-IL,IL-1,101500,89950,7186750,175975,667100,2314000,671500,29220000,387000,424275,949500,79650
US,US-IL,IL-10,106000,93850,7520750,183550,696000,2414000,700500,30472500,403700,442200,989250,83050
US,US-IL,IL-11,129400,114100,9217250,223200,846600,2936000,851500,37027500,490900,536625,1199250,101000
US,US-IL,IL-12,265500,232350,19181500,454475,1725200,5986000,1733500,75262500,1000100,1087350,2424000,205550
US,US-IL,IL-13,205400,180200,14795750,352400,1337500,4643000,1344500,58342500,775600,843900,1881750,159100
US,US-IL,IL-14,405200,356150,29284000,696550,2644800,9179000,2657500,115402500,1532800,1668600,3719250,314100
US,US-IL,IL-15,111500,98500,7945500,192675,730800,2535000,735000,31927500,423900,463425,1034250,87100
US,US-IL,IL-16,119700,105800,8497500,206950,784900,2723000,789500,34342500,455300,498300,1113750,93550
US,US-IL,IL-17,82500,73200,5834250,143175,542900,1882000,546500,23790000,314700,345375,773250,64700
US,US-IL,IL-18,84600,74850,6001250,146375,555100,1925000,558500,24300000,322000,352575,788250,66200
US,US-IL,IL-2,133300,117750,9408000,230250,872700,3029000,878500,38212500,506500,554100,1239000,104350
US,US-IL,IL-3,135700,120300,9614250,235325,892100,3095000,898000,39082500,517600,567300,1269000,106550
US,US-IL,IL-4,115600,102450,8184500,200375,759700,2635000,764500,33262500,440700,483150,1080750,90650
US,US-IL,IL-5,177500,157350,12549000,307775,1166700,4046000,1174500,51105000,676800,742425,1661250,139250
US,US-IL,IL-6,433500,378350,31255000,740050,2808800,9749000,2822500,122512500,1628200,1767825,3942000,334800
US,US-IL,IL-7,325500,287600,23023250,562475,2132900,7396000,2146000,93060000,1236600,1355850,3024750,253700
US,US-IL,IL-8,223000,196350,15897500,384000,1456600,5052000,1465000,63690000,844600,922350,2061750,173900
US,US-IL,IL-9,193300,171500,13658000,335425,1271500,4410000,1280000,55717500,737600,809475,1812000,151800
US,US-IN,IN-1,400200,349900,28779000,684350,2596800,9011000,2610500,113385000,1505600,1637325,3653250,309750
US,US-IN,IN-2,432700,377650,31134750,738700,2803400,9726000,2817500,122325000,1624800,1766550,3940500,334200
US,US-IN,IN-3,455800,397450,32883500,777400,2950700,10241000,2965000,128707500,1710200,1856925,4140750,351800
US,US-IN,IN-4,472600,412150,34093750,806150,3059700,10617000,3075000,133522500,1773600,1926300,4296750,364950
US,US-IN,IN-5,582400,507600,41934250,992850,3767900,13072000,3787000,164392500,2183700,2372100,5290500,449600
US,US-IN,IN-6,459000,400000,33092750,782375,2969600,10304000,2984000,129585000,1721100,1868850,4170750,354300
US,US-IN,IN-7,507100,442300,36621250,865075,3283200,11395000,3299500,143250000,1903300,2067600,4608750,391400
US,US-IN,IN-8,394500,344000,28394250,672825,2553300,8861000,2566000,111412500,1480100,1607400,3587250,304800
US,US-IN,IN-9,540000,471650,38925250,922475,3500600,12148000,3518500,152842500,2029600,2206050,4920750,417550
US,US-KS,KS-1,100000,88350,7117500,172800,655300,2273000,659500,28687500,380200,415875,930000,78150
US,US-KS,KS-2,499200,435300,35934750,851375,3232000,11209000,3247000,141000000,1872600,2032950,4545000,385750
US,US-KS,KS-3,595300,518750,42827750,1014575,3850700,13350000,3869500,168187500,2231400,2423025,5421000,460200
US,US-KS,KS-4,108900,96450,7720500,188650,715200,2481000,720000,31350000,415100,454725,1017750,85400
US,US-KY,KY-1,162100,144950,11463250,283475,1074300,3730000,1082000,47467500,624900,685125,1541250,128900
US,US-KY,KY-2,220800,197300,15605500,385900,1462600,5078000,1472500,64590000,850600,932400,2097000,175350
US,US-KY,KY-3,309400,277600,21874000,542925,2058100,7145000,2072500,91192500,1197400,1313700,2960250,246500
US,US-KY,KY-4,208700,186550,14748250,364925,1383300,4800000,1393000,61080000,803700,882075,1983000,165550
US,US-KY,KY-5,166900,149350,11815000,292150,1107700,3844000,1115000,48990000,644100,706275,1589250,132450
US,US-KY,KY-6,623700,549000,44611500,1073750,4074600,14141000,4096000,178395000,2363400,2572800,5756250,486550
US,US-LA,LA-1,163600,145550,11535250,284675,1078800,3741000,1086500,47317500,626000,687525,1539000,129200
US,US-LA,LA-2,215000,191100,15150250,373775,1416500,4911000,1426500,62100000,821500,902925,2020500,169400
US,US-LA,LA-3,144400,128650,10186500,251600,953500,3307000,960500,41902500,553300,607950,1362000,114150
US,US-LA,LA-4,120300,106900,8479500,209125,792500,2748000,798000,34755000,459700,505050,1129500,94850
US,US-LA,LA-5,100200,89200,7069250,174425,661000,2292000,665500,29010000,383500,421275,942750,79100
US,US-LA,LA-6,126700,112700,8922500,220425,835200,2896000,841000,36667500,484500,532425,1191750,100050
US,US-MA,MA-1,145900,129250,10303250,252825,958500,3325000,965000,41977500,556000,609525,1363500,114450
US,US-MA,MA-2,164100,145400,11615250,284425,1078400,3741000,1085500,47250000,625900,685500,1534500,128750
US,US-MA,MA-3,225000,197450,16005750,386250,1465100,5074000,1473500,64155000,849500,927150,2077500,175450
US,US-MA,MA-4,163300,144850,11541250,283275,1074000,3725000,1081000,47077500,623000,683175,1530000,128200
US,US-MA,MA-5,214200,189750,15109750,371175,1406900,4881000,1416500,61702500,816400,894900,2004750,168150
US,US-MA,MA-6,190200,168650,13440500,329875,1250500,4337000,1258500,54847500,725600,795300,1782000,149500
US,US-MA,MA-7,265000,233700,18706500,457050,1733000,6011000,1743500,75757500,1005200,1099875,2458500,206650
US,US-MA,MA-8,225600,200250,15940000,391700,1484900,5151000,1494500,65152500,861900,945000,2118000,177400
US,US-MA,MA-9,177600,157450,12538750,307950,1167200,4049000,1175000,51195000,677400,742200,1663500,139750
US,US-MD,MD-1,113000,100150,7976250,195925,742700,2576000,747500,32512500,430900,472650,1056750,88750
US,US-MD,MD-2,148300,131450,10478500,257100,974600,3380000,981000,42682500,565300,620175,1387500,116350
US,US-MD,MD-3,128900,114250,9102750,223475,847100,2938000,853000,37117500,491400,539175,1206750,101200
US,US-MD,MD-4,104100,92350,7344750,180600,684600,2373000,689000,29977500,396900,435825,975000,81700
US,US-MD,MD-5,136800,121300,9654750,237275,899500,3119000,905500,39390000,521600,572550,1281000,107350
US,US-MD,MD-6,232000,203300,16565500,397625,1507800,5230000,1517000,65902500,874500,953850,2127750,179900
US,US-MD,MD-7,93800,83100,6621500,162575,616300,2136000,620500,26985000,357300,392175,877500,73650
US,US-MD,MD-8,236300,209150,16711750,409125,1551000,5375000,1561000,67927500,899400,986475,2208000,185150
US,US-ME,ME-1,344700,303650,24731500,593950,2252800,7822000,2266000,98715000,1307700,1425975,3189000,268800
US,US-ME,ME-2,439400,384450,31583000,751950,2853400,9898000,2868500,124762500,1654000,1799700,4026750,340600
US,US-MI,MI-1,170300,150550,12113000,294500,1116700,3876000,1123500,48960000,648600,708300,1584000,133300
US,US-MI,MI-10,161200,142550,11463250,278850,1057400,3671000,1064000,46380000,614400,670575,1500000,126250
US,US-MI,MI-11,646800,568350,46597750,1111625,4218900,14654000,4240500,184297500,2448100,2662575,5936250,501950
US,US-MI,MI-12,374500,330700,26650750,646775,2452900,8513000,2467500,107437500,1424700,1554375,3474750,292700
US,US-MI,MI-13,205700,181000,14699500,354000,1343300,4660000,1350500,58657500,779500,848925,1893750,159900
US,US-MI,MI-14,326500,287050,23343000,561450,2130300,7388000,2142000,93037500,1236000,1346175,3006000,253950
US,US-MI,MI-2,204500,180500,14595000,353075,1339300,4649000,1347000,58650000,777600,848475,1896000,159650
US,US-MI,MI-3,242800,214450,17277750,419400,1590600,5520000,1600000,69645000,923100,1008525,2254500,189650
US,US-MI,MI-4,151100,133750,10724750,261575,991800,3442000,998000,43485000,575700,629775,1409250,118400
US,US-MI,MI-5,178000,157150,12624500,307425,1165600,4046000,1173000,51082500,676800,739125,1653000,139250
US,US-MI,MI-6,246100,216400,17665750,423225,1605400,5574000,1614500,70252500,931700,1014975,2268000,191400
US,US-MI,MI-7,211300,186650,15026000,365050,1384600,4804000,1393000,60585000,803400,877875,1961250,164950
US,US-MI,MI-8,570400,500850,41232000,979650,3719900,12912000,3737000,162300000,2157300,2344575,5226000,441900
US,US-MI,MI-9,249600,220550,17730750,431425,1635800,5680000,1646000,71752500,950500,1037250,2320500,195400
US,US-MN,MN-1,578500,504250,41984000,986275,3744200,12988000,3762000,163267500,2169500,2355375,5248500,445850
US,US-MN,MN-2,502600,439200,36386250,858975,3260700,11316000,3276500,142327500,1890100,2053125,4579500,388350
US,US-MN,MN-3,330000,288550,23708750,564375,2141700,7429000,2153000,93570000,1241500,1350300,3017250,255600
US,US-MN,MN-4,304800,268000,21837750,524150,1988500,6898000,1999500,86985000,1153100,1257900,2811000,237250
US,US-MN,MN-5,629100,553000,44969750,1081575,4103000,14232000,4126000,179452500,2379100,2595975,5800500,489500
US,US-MN,MN-6,153700,135300,10971500,264675,1003900,3483000,1010000,43905000,582200,635625,1419750,119750
US,US-MN,MN-7,192800,169200,13798500,330975,1255900,4354000,1262500,54885000,727800,793500,1773000,149800
US,US-MN,MN-8,454400,395100,32726000,772775,2933300,10166000,2947500,128100000,1698900,1845000,4128750,350700
US,US-MO,MO-1,1173500,1023850,84630250,2002500,7602700,26382000,7637500,331470000,4406200,4779375,10673250,906600
US,US-MO,MO-2,694900,605400,50089250,1184125,4495400,15597000,4516000,196005000,2605100,2825100,6306750,536250
US,US-MO,MO-3,535000,466250,38516000,911925,3461900,12011000,3478000,151012500,2006500,2175525,4862250,413400
US,US-MO,MO-4,514100,448500,37019250,877250,3330300,11554000,3346000,145282500,1930100,2094000,4680000,397450
US,US-MO,MO-5,773200,675000,55661000,1320225,5012000,17390000,5035500,218632500,2905000,3151650,7042500,598050
US,US-MO,MO-6,468100,408100,33668500,798175,3030100,10512000,3044000,132187500,1756100,1904700,4257750,361800
US,US-MO,MO-7,532300,464400,38291250,908325,3448200,11962000,3464500,150435000,1998500,2168175,4845750,411650
US,US-MO,MO-8,419400,365900,30188000,715650,2716800,9426000,2729500,118530000,1574800,1708050,3818250,324350
US,US-MS,MS-1,179300,158250,12721250,309500,1174800,4086000,1181000,51195000,680200,741600,1649250,139950
US,US-MS,MS-2,144600,127650,10249750,249700,947800,3298000,952500,41287500,548800,598350,1329750,113000
US,US-MS,MS-3,203000,179300,14390000,350650,1331000,4631000,1338000,58005000,770600,840525,1869000,158600
US,US-MS,MS-4,216600,191250,15338500,374025,1419400,4938000,1427000,61867500,822100,896625,1994250,169250
US,US-MT,MT-AT LARGE,1618300,1407950,116799750,2753775,10454400,36254000,10503000,456097500,6058000,6568050,14674500,1248700
US,US-NC,NC-1,158300,140600,11196500,275000,1042600,3616000,1049500,45697500,605000,663675,1485000,124400
US,US-NC,NC-10,124000,109900,8774500,214925,814900,2826000,820000,35647500,472800,518250,1158000,97300
US,US-NC,NC-11,180400,160100,12744500,313175,1187200,4118000,1195000,51982500,688800,755625,1689750,141650
US,US-NC,NC-12,430500,380350,30661750,743875,2820100,9800000,2838000,123532500,1639400,1788375,3999000,337250
US,US-NC,NC-13,232800,204950,16773500,400825,1521400,5283000,1529000,66390000,882600,960750,2141250,181000
US,US-NC,NC-2,304500,268550,21869500,525225,1992700,6918000,2004000,87127500,1156000,1261500,2816250,237250
US,US-NC,NC-3,160900,143250,11352000,280150,1061900,3684000,1069000,46537500,616200,676950,1514250,126550
US,US-NC,NC-4,209000,185700,14788750,363200,1376800,4776000,1386000,60352500,799300,876450,1962000,164450
US,US-NC,NC-5,151000,133650,10712500,261450,991500,3439000,997500,43410000,575300,629775,1408500,118300
US,US-NC,NC-6,150900,133650,10724500,261400,991500,3439000,997500,43380000,575200,629700,1407000,118100
US,US-NC,NC-7,155200,137800,10974750,269500,1021700,3544000,1028500,44782500,593000,650250,1455000,122000
US,US-NC,NC-8,183400,162450,13019000,317775,1205000,4182000,1212500,52740000,699600,765675,1711500,143650
US,US-NC,NC-9,712500,638500,50994750,1248875,4728000,16484000,4763500,209145000,2766000,3012675,6790500,572950
US,US-ND,ND-AT LARGE,917900,797050,66137750,1558950,5917900,20520000,5945000,258120000,3428300,3715725,8301750,706800
US,US-NE,NE-1,107500,95200,7641500,186200,706000,2450000,710500,30937500,409800,448575,1003500,84300
US,US-NE,NE-2,290600,255650,20781500,500000,1897000,6579000,1907500,82920000,1100100,1200075,2682750,226300
US,US-NE,NE-3,83500,73900,5942750,144550,548200,1903000,551500,24015000,318300,348000,778500,65450
US,US-NH,NH-1,572400,511600,40438000,1000600,3793400,13155000,3818500,167370000,2203500,2418450,5439000,453950
US,US-NH,NH-2,518200,463100,36696000,905800,3434600,11910000,3457000,151590000,1994800,2190000,4925250,410400
US,US-NJ,NJ-1,225000,199000,16009000,389175,1476400,5121000,1485000,64620000,856300,936300,2094000,175750
US,US-NJ,NJ-10,225400,198400,16118000,388000,1472300,5109000,1480000,64252500,853900,930750,2076000,175300
US,US-NJ,NJ-11,416500,365650,29911000,715175,2714100,9424000,2728000,118425000,1574200,1712550,3816750,323050
US,US-NJ,NJ-12,220200,194000,15737750,379450,1439700,4995000,1447500,62887500,835000,911025,2034000,171600
US,US-NJ,NJ-2,210800,186350,15039500,364450,1383100,4797000,1390500,60487500,802000,875850,1957500,164650
US,US-NJ,NJ-3,537700,471750,38639000,922725,3503200,12151000,3520000,152977500,2029600,2209650,4935750,417100
US,US-NJ,NJ-4,251300,221100,18011250,432500,1641300,5695000,1650000,71655000,951700,1037100,2313750,195550
US,US-NJ,NJ-5,238800,210150,17084250,411025,1559600,5411000,1568000,68137500,904500,986400,2201250,185750
US,US-NJ,NJ-6,192900,170250,13762000,333025,1263500,4384000,1270500,55185000,732900,799950,1785750,150550
US,US-NJ,NJ-7,680400,593250,49147000,1160300,4404100,15275000,4425500,192247500,2551900,2772150,6192000,525350
US,US-NJ,NJ-8,361300,318800,25710000,623550,2365500,8205000,2379000,103312500,1371700,1498800,3345750,281650
US,US-NJ,NJ-9,259100,229200,18431250,448300,1700400,5898000,1710500,74385000,986300,1078500,2410500,202700
US,US-NM,NM-1,213500,188100,15221500,367950,1395300,4842000,1403500,61035000,809400,884100,1974750,166450
US,US-NM,NM-2,443900,389550,32087750,761875,2891900,10041000,2906500,126270000,1677000,1824225,4067250,344050
US,US-NM,NM-3,150600,132550,10761500,259300,983500,3412000,989000,43012500,570400,622575,1392000,117400
US,US-NV,NV-1,1397800,1223200,100924750,2392425,9081100,31539000,9125000,396375000,5268300,5716650,12749250,1081950
US,US-NV,NV-2,900100,787450,64863000,1540125,5845300,20293000,5874500,255405000,3390600,3680700,8226000,697850
US,US-NV,NV-3,1260300,1104250,90956500,2159825,8196400,28462000,8238500,358305000,4755400,5166750,11538750,977850
US,US-NV,NV-4,638200,559900,46001000,1095125,4155400,14431000,4177500,181800000,2411600,2621100,5857500,496050
US,US-NY,NY-1,216500,190750,15467750,373050,1414800,4910000,1423000,61897500,820900,896025,2001750,168850
US,US-NY,NY-10,257000,227500,18212000,445000,1687300,5850000,1698000,73837500,978500,1072650,2400000,201150
US,US-NY,NY-11,233400,205800,16706500,402525,1527300,5297000,1536000,66787500,885400,967050,2160750,181750
US,US-NY,NY-12,319200,282150,22571000,551850,2092700,7254000,2105500,91410000,1213200,1330350,2973000,249000
US,US-NY,NY-13,173600,153700,12269750,300625,1139800,3951000,1147000,49875000,661000,724800,1621500,135950
US,US-NY,NY-14,143900,127500,10176000,249400,945600,3279000,951500,41422500,548600,601350,1347000,112900
US,US-NY,NY-15,152600,135100,10782500,264225,1001800,3473000,1008500,43852500,581000,636975,1425750,119550
US,US-NY,NY-16,125600,111300,8871000,217675,825200,2861000,830500,36157500,478700,524850,1176000,98600
US,US-NY,NY-17,135700,120200,9581500,235150,891400,3091000,897500,39052500,517000,567000,1269750,106500
US,US-NY,NY-18,147800,130800,10481750,255825,970300,3364000,976000,42487500,562600,616200,1379250,115700
US,US-NY,NY-19,517300,452700,37413000,885400,3361800,11667000,3377500,146565000,1948500,2116200,4720500,400200
US,US-NY,NY-2,105000,92950,7440250,181800,689300,2390000,693500,30187500,399900,438000,980250,82300
US,US-NY,NY-20,200700,177000,14293500,346175,1313000,4553000,1321000,57420000,761500,832425,1860750,156600
US,US-NY,NY-21,121800,107450,8667000,210200,797100,2766000,802000,34882500,462400,505425,1129500,95100
US,US-NY,NY-22,458900,401400,33089000,785125,2980100,10347000,2994500,129982500,1728100,1876650,4183500,354850
US,US-NY,NY-23,165800,146050,11812750,285700,1083800,3757000,1090000,47377500,628500,686550,1534500,129150
US,US-NY,NY-24,265900,233550,19110000,456775,1733300,6015000,1742500,75667500,1005000,1095375,2444250,206350
US,US-NY,NY-25,144400,127500,10263500,249400,945800,3279000,951500,41392500,548600,600075,1342500,112900
US,US-NY,NY-26,140700,124600,9952500,243675,923900,3204000,930000,40455000,535900,587325,1314750,110300
US,US-NY,NY-27,95500,84550,6777000,165375,627100,2175000,631000,27450000,363800,398250,891000,74850
US,US-NY,NY-3,159700,141200,11350250,276200,1047400,3633000,1054000,45855000,607400,664800,1487250,125100
US,US-NY,NY-4,141200,125000,10008000,244500,927100,3215000,933000,40590000,537800,588975,1317750,110700
US,US-NY,NY-5,107900,95600,7631750,186975,708900,2458000,713500,31042500,411200,450675,1009500,84700
US,US-NY,NY-6,94300,83600,6671500,163500,619800,2149000,624000,27157500,359600,394125,882750,74050
US,US-NY,NY-7,232700,206300,16439750,403500,1529700,5303000,1539500,67005000,887100,973575,2180250,182500
US,US-NY,NY-8,72800,64400,5147000,125950,477500,1655000,480500,20902500,276900,303525,679500,57050
US,US-NY,NY-9,118500,104750,8387250,204900,776900,2693000,782000,33982500,450600,493650,1104750,92700
US,US-OH,OH-1,522000,455250,37536500,890450,3379600,11718000,3396500,147562500,1958800,2127225,4751250,403650
US,US-OH,OH-10,130500,115200,9263250,225350,854500,2963000,860000,37410000,495600,542325,1212750,102000
US,US-OH,OH-11,161200,142750,11411750,279175,1058500,3670000,1065500,46335000,613800,672750,1504500,126300
US,US-OH,OH-12,436600,380300,30583000,743825,2819900,9773000,2836000,122677500,1630000,1774050,3955500,337500
US,US-OH,OH-13,119700,105800,8514250,206975,785000,2722000,789500,34335000,455200,498150,1112250,93600
US,US-OH,OH-14,151900,134400,10791250,262875,996900,3458000,1003000,43635000,578300,632925,1414500,118950
US,US-OH,OH-15,346200,302850,24590750,592325,2246900,7791000,2259000,98055000,1301600,1417200,3165000,268350
US,US-OH,OH-16,125500,111050,8889250,217250,823700,2856000,829000,36067500,477700,523200,1170000,98300
US,US-OH,OH-2,240300,210900,17029750,412450,1564300,5421000,1573500,68385000,907000,989700,2212500,186900
US,US-OH,OH-3,218200,191600,15415500,374725,1421200,4927000,1429500,61980000,822800,898275,2004750,169500
US,US-OH,OH-4,159900,141100,11283250,275950,1046400,3627000,1053000,45652500,606300,663975,1482000,124600
US,US-OH,OH-5,112700,99750,7975750,195100,739800,2564000,744500,32347500,429000,470250,1050000,88200
US,US-OH,OH-6,111200,98050,7927750,191775,727500,2523000,731500,31762500,421800,461025,1028250,86600
US,US-OH,OH-7,129400,114000,9140000,222950,845400,2931000,850500,36975000,490000,535800,1198500,100950
US,US-OH,OH-8,112200,99000,7961000,193650,734400,2546000,739000,32137500,426000,465900,1041750,87600
US,US-OH,OH-9,98200,87000,6953250,170125,645100,2237000,649000,28245000,374200,409950,916500,77000
US,US-OK,OK-1,166200,147000,11823000,287525,1090400,3784000,1097000,47722500,632900,691875,1546500,130150
US,US-OK,OK-2,103300,91300,7318500,178525,676700,2350000,681000,29640000,393000,429675,960000,80700
US,US-OK,OK-3,93300,82550,6636250,161450,612100,2124000,616000,26797500,355200,388800,869250,73050
US,US-OK,OK-4,122300,108200,8677000,211600,802200,2783000,807500,35085000,465400,509850,1138500,95700
US,US-OK,OK-5,270500,238950,19359500,467375,1773300,6154000,1783000,77347500,1028900,1123125,2505000,210950
US,US-OR,OR-1,172600,152950,12212250,299175,1134100,3934000,1141500,49672500,658000,721275,1613250,135450
US,US-OR,OR-2,291500,256100,20813000,500875,1899700,6589000,1911000,83017500,1101700,1202400,2684250,226650
US,US-OR,OR-3,231500,205200,16378750,401300,1521300,5277000,1531500,66607500,882700,967800,2164500,181600
US,US-OR,OR-4,153000,135600,10831500,265225,1005400,3487000,1012000,44040000,583400,639450,1430250,120050
US,US-OR,OR-5,181600,160950,12854500,314850,1193500,4140000,1201500,52282500,692400,759075,1698000,142550
US,US-PA,PA-1,502700,442500,36266750,865475,3285200,11408000,3301500,143535000,1906500,2073750,4626750,391000
US,US-PA,PA-10,222300,196350,15923750,384000,1456800,5057000,1465000,63787500,845800,922575,2061000,173600
US,US-PA,PA-11,160800,142450,11460250,278600,1056400,3667000,1063000,46357500,613600,670725,1500750,126050
US,US-PA,PA-12,203100,179950,14444000,351975,1335000,4633000,1343000,58507500,774800,848850,1902000,158550
US,US-PA,PA-13,145800,129050,10413000,252375,957100,3323000,963000,41962500,555800,607350,1358250,114100
US,US-PA,PA-14,139800,124000,9934000,242550,919700,3192000,925500,40387500,534300,584325,1308750,109850
US,US-PA,PA-15,105800,93850,7523250,183525,695900,2416000,700500,30540000,404300,442275,990000,83000
US,US-PA,PA-16,189300,167450,13557250,327500,1242300,4314000,1249500,54472500,721900,787200,1761000,148150
US,US-PA,PA-17,179700,158850,12791750,310675,1178400,4089000,1185500,51660000,683700,747600,1674750,140650
US,US-PA,PA-18,333800,294800,23767750,576575,2186800,7586000,2200000,95835000,1268800,1386600,3105750,261100
US,US-PA,PA-2,202800,178950,14447000,350000,1327300,4607000,1335500,58177500,770800,841125,1882500,158400
US,US-PA,PA-3,284600,251200,20261250,491325,1863500,6464000,1874500,81487500,1080900,1181625,2640750,222000
US,US-PA,PA-4,287000,254000,20456000,496800,1884300,6542000,1895500,82605000,1094100,1195275,2674500,224800
US,US-PA,PA-5,241700,213600,17185000,417825,1584500,5498000,1594000,69442500,919500,1005525,2250000,188800
US,US-PA,PA-6,286300,252550,20512750,493925,1873600,6504000,1884500,82102500,1087800,1186125,2652000,223600
US,US-PA,PA-7,202400,179050,14457250,350225,1328400,4610000,1336500,58260000,771400,842475,1885500,158450
US,US-PA,PA-8,190500,168000,13608500,328575,1246300,4322000,1253500,54645000,723300,789525,1767750,148700
US,US-PA,PA-9,144100,127500,10284750,249400,945800,3283000,951500,41497500,549300,600075,1343250,112850
US,US-RI,RI-1,97300,86350,6881750,168925,640400,2221000,644500,28080000,371600,407550,912750,76500
US,US-RI,RI-2,104200,92350,7364750,180675,684900,2375000,689500,29992500,397300,435750,975000,81800
US,US-SC,SC-1,306800,273350,21685250,534650,2026200,7031000,2040500,89152500,1177000,1290900,2896500,242750
US,US-SC,SC-2,251800,225100,17778750,440275,1668200,5790000,1680500,73620000,969800,1064400,2392500,200150
US,US-SC,SC-3,141500,125950,9973750,246325,933400,3238000,940000,41017500,541800,594975,1334250,111800
US,US-SC,SC-4,210000,187200,14810000,366200,1387300,4816000,1397500,61110000,806400,884625,1986000,166500
US,US-SC,SC-5,283700,253250,20059250,495325,1876300,6517000,1890000,82665000,1091700,1196550,2689500,225650
US,US-SC,SC-6,194600,174050,13745750,340375,1290100,4475000,1299000,56940000,749500,823125,1851000,154450
US,US-SC,SC-7,298200,266550,21024500,521300,1974300,6855000,1989500,87082500,1148600,1260075,2832000,237750
US,US-SD,SD-AT LARGE,192300,169800,13695500,332125,1259500,4370000,1267000,55042500,730200,798075,1779750,150150
US,US-TN,TN-1,526600,458650,37795750,897025,3403800,11813000,3421000,148567500,1973700,2142375,4782000,406250
US,US-TN,TN-2,581800,506600,41723750,990875,3759900,13049000,3779000,164130000,2180000,2365950,5283000,448950
US,US-TN,TN-3,505800,440450,36261250,861450,3268800,11345000,3285500,142702500,1895500,2056950,4593000,390300
US,US-TN,TN-4,533400,464450,38318750,908375,3447200,11964000,3464500,150457500,1998600,2168625,4842000,411400
US,US-TN,TN-5,1229800,1073000,88483500,2098700,7964300,27641000,8004500,347602500,4617700,5015925,11196000,949650
US,US-TN,TN-6,518400,451150,37174500,882400,3348200,11621000,3365000,146167500,1941400,2106450,4702500,399750
US,US-TN,TN-7,490900,427650,35275500,836475,3174300,11016000,3190000,138570000,1840300,1997400,4461000,378900
US,US-TN,TN-8,398500,346800,28619000,678325,2574100,8935000,2587000,112365000,1492700,1619175,3614250,307250
US,US-TN,TN-9,654300,570450,47119750,1115750,4234300,14698000,4255500,184762500,2455000,2664600,5947500,504850
US,US-TX,TX-1,116800,103200,8288250,201850,765400,2654000,770000,33495000,443800,485850,1086000,91300
US,US-TX,TX-10,247600,218250,17690250,426900,1619400,5618000,1628500,70770000,939300,1025625,2289750,193000
US,US-TX,TX-11,113900,100650,8101000,196875,746700,2589000,751000,32670000,433000,473775,1059000,88950
US,US-TX,TX-12,143500,126800,10193000,248000,940500,3262000,946500,41145000,545700,596925,1334250,112200
US,US-TX,TX-13,97300,85950,6914500,168100,637500,2211000,641500,27900000,369800,404550,904500,76000
US,US-TX,TX-14,116800,103100,8299000,201700,764800,2653000,769500,33465000,443700,485250,1084500,91250
US,US-TX,TX-15,110300,97400,7837500,190500,722300,2505000,727000,31590000,418800,458325,1023750,86250
US,US-TX,TX-16,147400,130150,10486750,254575,965500,3349000,971500,42210000,560000,612450,1368000,115100
US,US-TX,TX-17,125200,110500,8928750,216175,820000,2845000,825000,35872500,475700,519750,1161750,97750
US,US-TX,TX-18,377700,333000,26984500,651325,2471200,8572000,2485000,108022500,1433600,1564350,3494250,294650
US,US-TX,TX-19,109700,96950,7805000,189575,719000,2494000,723500,31462500,417000,456150,1020000,85700
US,US-TX,TX-2,178100,157150,12690250,307425,1166000,4045000,1173000,51000000,676300,739200,1651500,139050
US,US-TX,TX-20,128900,113700,9179750,222425,843400,2926000,848500,36885000,489300,534675,1194750,100700
US,US-TX,TX-21,216300,191150,15384500,373850,1417600,4918000,1426500,62055000,822700,899475,2012250,169300
US,US-TX,TX-22,250300,220700,17916500,431625,1637600,5683000,1647000,71535000,950000,1036425,2313000,195100
US,US-TX,TX-23,273900,240700,19672750,470800,1786400,6200000,1796000,77992500,1036100,1128900,2518500,212900
US,US-TX,TX-24,268500,237100,19084750,463750,1758600,6100000,1769500,76927500,1020100,1115700,2494500,209800
US,US-TX,TX-25,260900,230550,18536250,450925,1709800,5931000,1720500,74865000,992200,1085250,2428500,204200
US,US-TX,TX-26,175200,154850,12433000,302925,1148600,3983000,1156000,50235000,666100,729225,1629750,137050
US,US-TX,TX-27,244600,216150,17384250,422750,1603000,5561000,1613000,70140000,930100,1017450,2275500,191300
US,US-TX,TX-28,159200,140450,11332250,274700,1041700,3614000,1048000,45562500,604300,660525,1476000,124400
US,US-TX,TX-29,113900,100550,8113500,196675,746000,2587000,750500,32625000,432600,472950,1056750,88950
US,US-TX,TX-3,216000,190400,15406250,372400,1412300,4899000,1421000,61807500,819300,894975,2001750,168550
US,US-TX,TX-30,308900,273550,21969750,535050,2029200,7039000,2041500,88890000,1177900,1288500,2884500,242150
US,US-TX,TX-31,263500,231550,18863250,452900,1718200,5958000,1728000,75082500,996400,1086675,2427000,205000
US,US-TX,TX-32,505200,445100,36321000,870550,3303800,11465000,3321000,144412500,1916000,2089575,4667250,392900
US,US-TX,TX-33,138600,122350,9861750,239325,907600,3148000,913000,39705000,526500,575550,1287000,108250
US,US-TX,TX-34,90800,80200,6451500,156875,594800,2062000,598500,26010000,344800,377400,843000,71050
US,US-TX,TX-35,105000,92600,7477000,181075,686800,2383000,691000,30022500,398400,435225,972750,81950
US,US-TX,TX-36,146900,129800,10435250,253875,962700,3339000,968500,42127500,558300,610950,1365750,114900
US,US-TX,TX-4,204500,180550,14546250,353175,1339500,4646000,1347500,58575000,777000,849600,1898250,159650
US,US-TX,TX-5,183900,162350,13086000,317500,1204200,4177000,1211500,52657500,698500,763500,1706250,143550
US,US-TX,TX-6,208800,184250,14896500,360400,1367200,4743000,1375000,59760000,793000,866100,1935000,162900
US,US-TX,TX-7,408500,358900,29386750,701975,2664100,9243000,2678000,116250000,1544800,1682625,3750750,317150
US,US-TX,TX-8,197900,174850,14064250,341975,1296900,4498000,1305000,56707500,752400,823050,1838250,154650
US,US-TX,TX-9,158300,139450,11332500,272725,1034800,3590000,1040500,45210000,600100,654750,1461750,123250
US,US-UT,UT-1,115400,102150,8175000,199800,757500,2628000,762500,33157500,439500,481275,1075500,90300
US,US-UT,UT-2,238100,210550,16888000,411825,1561600,5419000,1571500,68302500,906100,991500,2214750,186050
US,US-UT,UT-3,101300,89650,7172500,175325,664700,2306000,669000,29092500,385600,422250,943500,79200
US,US-UT,UT-4,164100,144650,11754750,282925,1073600,3727000,1079500,46875000,622700,679125,1513500,127600
US,US-VA,VA-1,181400,159850,12954250,312625,1186100,4113000,1193000,51870000,687800,751050,1678500,141300
US,US-VA,VA-10,639500,559500,46155750,1094350,4154200,14405000,4174500,181402500,2406400,2619975,5846250,494650
US,US-VA,VA-11,376400,331050,27081000,647500,2456900,8529000,2470500,107347500,1424900,1553025,3466500,292450
US,US-VA,VA-2,429500,378300,30861250,739950,2808200,9744000,2823000,122700000,1628200,1775850,3964500,334050
US,US-VA,VA-3,139700,123400,9963750,241400,915700,3177000,921000,40042500,531100,580650,1296750,109050
US,US-VA,VA-4,283500,249350,20315250,487700,1850400,6418000,1860500,80880000,1072600,1170975,2615250,220400
US,US-VA,VA-5,262700,230750,18886750,451325,1712900,5941000,1722000,74805000,993500,1081350,2413500,204200
US,US-VA,VA-6,145100,128350,10306000,251025,951900,3302000,958000,41662500,552200,604575,1351500,113500
US,US-VA,VA-7,438000,383050,31682750,749175,2843800,9862000,2858000,124170000,1647800,1792425,3999000,338500
US,US-VA,VA-8,442300,390000,31555500,762825,2893200,10031000,2910500,126592500,1677900,1834200,4101750,344950
US,US-VA,VA-9,116600,103050,8288000,201550,764300,2651000,769000,33442500,443400,485175,1084500,91100
US,US-VT,VT-AT LARGE,124300,110400,8776500,215975,818600,2839000,824000,35887500,475200,521400,1167000,97750
US,US-WA,WA-1,250300,221350,17804000,432925,1641700,5698000,1652000,71812500,952600,1041825,2328000,195900
US,US-WA,WA-10,224000,197700,15964500,386675,1466500,5090000,1475500,64095000,850700,929475,2076000,174900
US,US-WA,WA-2,158900,140850,11257000,275525,1044500,3624000,1051500,45727500,606000,664200,1485750,124700
US,US-WA,WA-3,245200,216300,17570500,423025,1605400,5572000,1614000,70042500,931200,1015125,2262750,190950
US,US-WA,WA-4,114700,101350,8138000,198275,751800,2609000,756500,32865000,436100,477225,1065750,89700
US,US-WA,WA-5,288200,252000,20498000,492900,1869300,6483000,1880000,81637500,1083700,1179975,2635500,223350
US,US-WA,WA-6,191000,169450,13519500,331425,1256300,4359000,1264500,55035000,729100,799275,1788750,150100
US,US-WA,WA-7,324900,287600,23039750,562550,2132900,7400000,2146500,93262500,1237500,1355700,3029250,254300
US,US-WA,WA-8,547600,479000,39723750,936825,3556800,12355000,3573500,154987500,2062100,2238150,4980750,423200
US,US-WA,WA-9,317300,279900,22658750,547425,2076400,7208000,2088500,90765000,1204700,1315200,2937000,247650
US,US-WI,WI-1,388400,339500,27817250,664000,2519800,8741000,2532500,110025000,1460800,1589100,3543750,300500
US,US-WI,WI-2,425800,373500,30391250,730550,2771600,9613000,2787000,121200000,1607400,1751475,3914250,330600
US,US-WI,WI-3,285200,250400,20298250,489750,1857800,6444000,1868500,81270000,1077300,1175025,2625000,221500
US,US-WI,WI-4,345300,303050,24615000,592700,2248200,7803000,2261000,98362500,1304600,1421175,3175500,268150
US,US-WI,WI-5,301000,264500,21446500,517300,1962500,6810000,1973500,85792500,1138400,1241325,2771250,233650
US,US-WI,WI-6,366200,320350,26177250,626525,2377100,8241000,2390000,103875000,1378200,1500825,3351750,283400
US,US-WI,WI-7,239400,210200,17051250,411150,1559500,5411000,1568500,68242500,904700,985950,2202750,186050
US,US-WI,WI-8,329500,288550,23591500,564400,2141400,7431000,2153000,93547500,1242000,1351800,3015000,255050
US,US-WV,WV-1,307400,267950,21977500,524025,1988400,6897000,1998500,86872500,1153000,1252125,2800500,237600
US,US-WV,WV-2,362100,315900,25929500,617850,2344800,8134000,2356500,102345000,1359700,1476075,3298500,280000
US,US-WV,WV-3,319500,278700,22907500,545100,2069000,7179000,2079000,90255000,1199800,1301850,2906250,246650
US,US-WY,WY-AT LARGE,153000,134750,10827500,263550,999300,3466000,1005500,43680000,579700,632625,1414500,119650
